SET SQL_MODE = "NO_AUTO_VALUE_ON_ZERO";
SET AUTOCOMMIT = 0;
START TRANSACTION;
SET time_zone = "+00:00";
create database if not exists e_commerce;
create table admin_info(admin_id int(10) NOT NULL AUTO_INCREMENT,admin_name varchar(100) NOT NULL,PRIMARY KEY (admin_id),
admin_email varchar(100) NOT NULL, admin_password varchar(100) NOT NULL)ENGINE=InnoDB AUTO_INCREMENT=2 DEFAULT CHARSET=latin1;
insert into admin_info values(1, 'admin', 'admin@gmail.com', '123456');
create table user_info(
userid int(10) NOT NULL AUTO_INCREMENT,PRIMARY KEY (userid),
first_name varchar(100) NOT NULL, 
last_name varchar(100) NOT NULL,
age int(10) not null,
gender varchar(10) not null,
email varchar(100) NOT NULL, 
passwrd varchar(200) NOT NULL,
mobile int(10) not null,
address varchar(100) not null,
city varchar(100) not null,
state1 varchar(100) not null,
zip int(10) not null)ENGINE=InnoDB AUTO_INCREMENT=1 DEFAULT CHARSET=latin1;
insert into user_info values(1,'aastha','manya',20,'F','manyaaastha@gmail.com','aasthamanya',9110941003,'girinagar banashankari','Bangalore','Karnataka',560085);
create table categories(cat_id int(100) NOT NULL auto_increment,PRIMARY KEY(cat_id),
cat_title TEXT NOT NULL)ENGINE=InnoDB AUTO_INCREMENT=4 DEFAULT CHARSET=latin1;
insert into categories values
(1,'ladies_wear'),
(2,'footwear'),
(3,'accessories');
create table sub_categories(sub_cat_id int(100) NOT NULL auto_increment,PRIMARY KEY (sub_cat_id),cat_id int(100),
foreign key (cat_id) references categories(cat_id), sub_cat_title text not null)ENGINE=InnoDB AUTO_INCREMENT=14 DEFAULT CHARSET=latin1;
insert into sub_categories values
(4,1,'indian_wear'),
(5,1,'western_wear'),
(6,2,'bellies'),
(7,2,'heels'),
(8,2,'flats'),
(9,2,'sport_shoes'),
(10,3,'bracelets'),
(11,3,'watches'),
(12,3,'necklace'),
(13,3,'earrings');
CREATE TABLE products(
  product_id int(100) NOT NULL auto_increment,PRIMARY KEY (product_id),
  cat_id int(100),
  sub_cat_id int(100),
  foreign key(cat_id) references categories(cat_id),
  foreign key(sub_cat_id) references sub_categories(sub_cat_id) ,
  product_title varchar(255) NOT NULL,
  product_price int(100) NOT NULL,
  product_desc text NOT NULL,
  product_image varchar(255) NOT NULL)ENGINE=InnoDB AUTO_INCREMENT=2051 DEFAULT CHARSET=latin1;
CREATE TABLE cart(
  id int(10) NOT NULL auto_increment, PRIMARY KEY (id), 
  product_id int(10) default null,
  userid int(10) default null,
  qty int(10) NOT NULL,
  product_desc varchar(255) NOT NULL,
  price int(10) NOT NULL) ENGINE=InnoDB  DEFAULT CHARSET=latin1;
  insert into cart values(301,1082,1,1,'pastel cream flats',5000);
CREATE TABLE orders(
  order_id int(10) NOT NULL auto_increment,PRIMARY KEY(order_id),
  userid int(100) default null,
  f_name varchar(255) default NULL,
  email varchar(255) default NULL,
  address varchar(255) default NULL,
  city varchar(255) default NULL,
  state1 varchar(255) default NULL,
  zip int(10) default NULL,
  product_id int(10) default null,
  cardname varchar(255) default NULL,
  cardnumber varchar(20) default NULL,
  expdate varchar(255) default NULL,
  cvv int(5) default NULL)ENGINE=InnoDB AUTO_INCREMENT=111 DEFAULT CHARSET=latin1;
  insert into orders values(111,1,'aastha','manyaaastha@gmail','girinagar,bangalore','bangalore','karnataka',560085,1082,'AMANYA',1234123456,'20/3',212);

  
insert into products values
(1001,1,4,'s1',1000,'silk ,red & green color','C:\xampp\online_shopping_system\ladies_wear\indian\saree\saree1.jpg'),
(1002,1,4,'s2',5000,'cotton ,red & golden color','C:\xampp\online_shopping_system\ladies_wear\indian\saree\saree2.jpg'),
(1003,1,4,'s3',7000,'banarasi ,red and green color','C:\xampp\online_shopping_system\ladies_wear\indian\saree\saree3.jpg'),
(1004,1,4,'s4',10000,'chiffon ,red and golden color','C:\xampp\online_shopping_system\ladies_wear\indian\saree\saree4.jpg'),
(1005,1,4,'s5',3000,'kanjeevaram silk ,red and golden color','C:\xampp\online_shopping_system\ladies_wear\indian\saree\saree5.jpg'),
(1006,1,4,'s6',1000,'georgette ,dark green color','C:\xampp\online_shopping_system\ladies_wear\indian\saree\saree6.jpg'),
(1007,1,4,'s7',4000,'silk ,purple-white color','C:\xampp\online_shopping_system\ladies_wear\indian\saree\saree7.jpg'),
(1008,1,4,'s8',8000,'cotton ,sea green','C:\xampp\online_shopping_system\ladies_wear\indian\saree\saree8.jpg'),
(1009,1,4,'s9',11000,'crepe ,pink-black color','C:\xampp\online_shopping_system\ladies_wear\indian\saree\saree9.jpg'),
(1010,1,4,'s10',11000,'chiffon ,peach color','C:\xampp\online_shopping_system\ladies_wear\indian\saree\saree10.jpg'),
(1011,1,4,'l1',1000,'straight cut lehenga ,red & golden color','C:\xampp\online_shopping_system\ladies_wear\indian\lehenga\l1.jpg'),
(1012,1,4,'l2',5000,'panelled lehenga ,black- pink color','C:\xampp\online_shopping_system\ladies_wear\indian\lehenga\l2.jpeg'),
(1013,1,4,'l3',7000,'jacket-style lehenga ,blue color','C:\xampp\online_shopping_system\ladies_wear\indian\lehenga\l3.jpeg'),
(1014,1,4,'l4',10000,'broad flared lehenga ,pink-silver color','C:\xampp\online_shopping_system\ladies_wear\indian\lehenga\l4.jpg'),
(1015,1,4,'l5',3000,'broad flared lehenga ,red and golden color','C:\xampp\online_shopping_system\ladies_wear\indian\lehenga\l5.png'),
(1016,1,4,'l6',1000,'straight cut ,pink-blue color','C:\xampp\online_shopping_system\ladies_wear\indian\lehenga\l6.jpeg'),
(1017,1,4,'l7',4000,'staright cut lehenga ,purple-pink color','C:\xampp\online_shopping_system\ladies_wear\indian\lehenga\l7.jpeg'),
(1018,1,4,'l8',8000,'saree style lehenga ,baby pink green','C:\xampp\online_shopping_system\ladies_wear\indian\lehenga\l8.jpg'),
(1019,1,4,'l9',11000,'saree style lehega ,orange-green color','C:\xampp\online_shopping_system\ladies_wear\indian\lehenga\l9.jpg'),
(1020,1,4,'l10',12000,'broad flared lehenga ,pink-blue color','C:\xampp\online_shopping_system\ladies_wear\indian\lehenga\l10.jpg'),
(1021,1,4,'k1',1000,'long straight kurti,red color','C:\xampp\online_shopping_system\ladies_wear\indian\kurti\k1.jpg'),
(1022,1,4,'k2',5000,'printed kurti,green color','C:\xampp\online_shopping_system\ladies_wear\indian\kurti\k1.jpg'),
(1023,1,4,'k3',7000,'long straight kurti ,blue color','C:\xampp\online_shopping_system\ladies_wear\indian\kurti\k3.jpg'),
(1024,1,4,'k4',10000,'Angrakha Kurti ,white color','C:\xampp\online_shopping_system\ladies_wear\indian\kurti\k4.jpg'),
(1025,1,4,'k5',3000,'trail cut kurti ,red color','C:\xampp\online_shopping_system\ladies_wear\indian\kurti\k5.jpg'),
(1026,1,4,'k6',1000,'pakistani kurti ,yellow color','C:\xampp\online_shopping_system\ladies_wear\indian\kurti\k6.jpg'),
(1027,1,4,'k7',4000,' flared kurti ,blue color','C:\xampp\online_shopping_system\ladies_wear\indian\kurti\k7.jpg'),
(1028,1,4,'k8',8000,'flared kurti ,green color','C:\xampp\online_shopping_system\ladies_wear\indian\kurti\k8.jpg'),
(1029,1,4,'k9',11000,'trail cut kurti ,orange-yellow color','C:\xampp\online_shopping_system\ladies_wear\indian\kurti\k9.jpg'),
(1030,1,4,'k10',12000,'pakistani kurti,pink-blue color','C:\xampp\online_shopping_system\ladies_wear\indian\kurti\k10.jpg'),
(1031,1,5,'b1',1000,'ankle length jeans,light blue color','C:\xampp\online_shopping_system\ladies_wear\western\bottomwear\b1.jpg'),
(1032,1,5,'b2',5000,'ripped jeans,blue color','C:\xampp\online_shopping_system\ladies_wear\western\bottomwear\b2.jpeg'),
(1033,1,5,'b3',7000,'parallel jeans ,blue color','C:\xampp\online_shopping_system\ladies_wear\western\bottomwear\b3.jpg'),
(1034,1,5,'b4',10000,'pyjama style ,blue color','C:\xampp\online_shopping_system\ladies_wear\western\bottomwear\b4.jpg'),
(1035,1,5,'b5',3000,'printed skirt ,white -pink','C:\xampp\online_shopping_system\ladies_wear\western\bottomwear\b5.jpg'),
(1036,1,5,'b6',1000,'A-Line skirt ,black color','C:\xampp\online_shopping_system\ladies_wear\western\bottomwear\b6.jpeg'),
(1037,1,5,'b7',4000,' formal skirt,baby-pink color','C:\xampp\online_shopping_system\ladies_wear\western\bottomwear\b7.jpg'),
(1038,1,5,'b8',8000,'printed skirt ,blue color','C:\xampp\online_shopping_system\ladies_wear\western\bottomwear\b8.jpg'),
(1039,1,5,'b9',11000,'skirt,red color','C:\xampp\online_shopping_system\ladies_wear\western\bottomwear\b9.jpg'),
(1040,1,5,'b10',12000,'skirt,black-white color','C:\xampp\online_shopping_system\ladies_wear\western\bottomwear\b10.jpg'),
(1041,1,5,'t1',1000,'printed white top','C:\xampp\online_shopping_system\ladies_wear\western\tshirts_tops\t1.jpg'),
(1042,1,5,'t2',5000,'3/4 sleeve plain top','C:\xampp\online_shopping_system\ladies_wear\western\tshirts_tops\t2.jpg'),
(1043,1,5,'t3',7000,'formal top ,green color','C:\xampp\online_shopping_system\ladies_wear\western\tshirts_tops\t3.jpg'),
(1044,1,5,'t4',10000,'ethnic style ,blue color','C:\xampp\online_shopping_system\ladies_wear\western\tshirts_tops\t4.jpg'),
(1045,1,5,'t5',3000,'collar style top with strips ,maroon -white','C:\xampp\online_shopping_system\ladies_wear\western\tshirts_tops\t5.jpg'),
(1046,1,5,'t6',1000,'formal style ,green color','C:\xampp\online_shopping_system\ladies_wear\western\tshirts_tops\t6.jpg'),
(1047,1,5,'t7',4000,' plain top,blue color','C:\xampp\online_shopping_system\ladies_wear\western\tshirts_tops\t7.jpg'),
(1048,1,5,'t8',8000,'formal  wear,baby-pink color','C:\xampp\online_shopping_system\ladies_wear\western\tshirts_tops\t8.jpg'),
(1049,1,5,'t9',11000,'printed black top','C:\xampp\online_shopping_system\ladies_wear\western\tshirts_tops\t9.jpg'),
(1050,1,5,'t10',12000,'dotted black pattern top','C:\xampp\online_shopping_system\ladies_wear\western\tshirts_tops\t10.jpg'),
(1051,1,5,'d1',1000,'V-neckline,maroon color','C:\xampp\online_shopping_system\ladies_wear\western\dress\d1.jpg'),
(1052,1,5,'d2',5000,'swing dress,maroon  color','C:\xampp\online_shopping_system\ladies_wear\western\dress\d2.jpg'),
(1053,1,5,'d3',7000,'wrap around dress ,light pink color','C:\xampp\online_shopping_system\ladies_wear\western\dress\d3.jpg'),
(1054,1,5,'d4',10000,'body con dress,blue color','C:\xampp\online_shopping_system\ladies_wear\western\dress\d4.jpg'),
(1055,1,5,'d5',3000,' summer style dress/printed,blue-white color','C:\xampp\online_shopping_system\ladies_wear\western\dress\d5.jpg'),
(1056,1,5,'d6',1000,'halterneck dress ,black color','C:\xampp\online_shopping_system\ladies_wear\western\dress\d6.jpg'),
(1057,1,5,'d7',4000,'printed sleevless dress,white-res','C:\xampp\online_shopping_system\ladies_wear\western\dress\d7.jpg'),
(1058,1,5,'d8',8000,'formal dress,black color','C:\xampp\online_shopping_system\ladies_wear\western\dress\d8.jpg'),
(1059,1,5,'d9',11000,'printed dress,sea blue','C:\xampp\online_shopping_system\ladies_wear\western\dress\d9.jpeg'),
(1060,1,5,'d10',12000,'netted blue dress','C:\xampp\online_shopping_system\ladies_wear\western\dress\d10.jpg'),
(1061,2,6,'bl1',1000,'black formal bellies,leather','C:\xampp\htdocs\online_shopping_system\footwear\bellies\bl1.jpeg'),
(1062,2,6,'bl2',5000,'matte brown bellies with bow','C:\xampp\htdocs\online_shopping_system\footwear\bellies\bl2.jpg'),
(1063,2,6,'bl3',7000,'pastel green bellies with bow','C:\xampp\htdocs\online_shopping_system\footwear\bellies\bl3.jpeg'),
(1064,2,6,'bl4',10000,'peach colored bellies with bow','C:\xampp\htdocs\online_shopping_system\footwear\bellies\bl4.jpeg'),
(1065,2,6,'bl5',3000,'formal nude bellies with bow','C:\xampp\htdocs\online_shopping_system\footwear\bellies\bl5.jpeg'),
(1066,2,6,'bl6',1000,'black formal bellies,leather','C:\xampp\htdocs\online_shopping_system\footwear\bellies\bl6.jpeg'),
(1067,2,6,'bl7',4000,'pastel blue bellies with bow','C:\xampp\htdocs\online_shopping_system\footwear\bellies\bl7.jpeg'),
(1068,2,6,'bl8',8000,'baby pink bellies,leather','C:\xampp\htdocs\online_shopping_system\footwear\bellies\bl8.jpg'),
(1069,2,6,'bl9',11000,'loafers, sea green','C:\xampp\htdocs\online_shopping_system\footwear\bellies\bl9.jpg'),
(1070,2,6,'bl10',12000,'dark blue bellies with polka dots','C:\xampp\htdocs\online_shopping_system\footwear\bellies\bl10.jpeg'),
(1071,2,7,'h1',1000,'pastel blue stiletto','C:\xampp\htdocs\online_shopping_system\footwear\heels\sh1.jpg'),
(1072,2,7,'h2',5000,'silver shiny stiletto with belts','C:\xampp\htdocs\online_shopping_system\footwear\heels\sh2.jpg'),
(1073,2,7,'h3',7000,'pump heels, silver','C:\xampp\htdocs\online_shopping_system\footwear\heels\sh3.jpg'),
(1074,2,7,'h4',10000,'black and red stiletto','C:\xampp\htdocs\online_shopping_system\footwear\heels\sh4.jpg'),
(1075,2,7,'h5',3000,'silver and pink stiletto with flower','C:\xampp\htdocs\online_shopping_system\footwear\heels\sh5.jpg'),
(1076,2,7,'h6',1000,'golden shiny heels, party wear','C:\xampp\htdocs\online_shopping_system\footwear\heels\sh6.jpg'),
(1077,2,7,'h7',4000,'orange,green stiletto','C:\xampp\htdocs\online_shopping_system\footwear\heels\sh7.jpg'),
(1078,2,7,'h8',8000,'pink pumps with silver heels','C:\xampp\htdocs\online_shopping_system\footwear\heels\sh8.jpg'),
(1079,2,7,'h9',11000,'white designer pencil heels','C:\xampp\htdocs\online_shopping_system\footwear\heels\sh9.jpg'),
(1080,2,7,'h10',12000,'black and white pencil heels','C:\xampp\htdocs\online_shopping_system\footwear\heels\sh10.jpg'),
(1081,2,8,'f1',1000,'pastel cream flats','footwear\flats\1081.jpg'),
(1082,2,8,'f2',5000,'pastel cream flats with black straps','C:\xampp\htdocs\online_shopping_system\footwear\flats\1082.jpg'),
(1083,2,8,'f3',7000,'flats with black criss cross straps','C:\xampp\htdocs\online_shopping_system\footwear\flats\f3.jpg'),
(1084,2,8,'f4',10000,'pastel cream flats with bow','C:\xampp\htdocs\online_shopping_system\footwear\flats\f4.png'),
(1085,2,8,'f5',3000,'dark blue flats','C:\xampp\htdocs\online_shopping_system\footwear\flats\f5.jpg'),
(1086,2,8,'f6',1000,'brown flats with belt','C:\xampp\htdocs\online_shopping_system\footwear\flats\f6.jpg'),
(1087,2,8,'f7',4000,'black designer flatswith flowers','C:\xampp\htdocs\online_shopping_system\footwear\flats\f7.jpg'),
(1088,2,8,'f8',8000,'cream and golden flats','C:\xampp\htdocs\online_shopping_system\footwear\flats\f8.png'),
(1089,2,8,'f9',11000,'cheetah print flats','C:\xampp\htdocs\online_shopping_system\footwear\flats\f9.jpg'),
(1090,2,8,'f10',12000,'black and silver flats','C:\xampp\htdocs\online_shopping_system\footwear\flats\f10.jpg'),
(1091,2,9,'ss1',1000,'baby pink and white sports shoes','C:\xampp\htdocs\online_shopping_system\footwear\sport_shoes\ss1.jpg'),
(1092,2,9,'ss2',5000,'pastel black and white sports shoes','C:\xampp\htdocs\online_shopping_system\footwear\sport_shoes\ss2.jpg'),
(1093,2,9,'ss3',7000,'purple and white sports shoes','C:\xampp\htdocs\online_shopping_system\footwear\sport_shoes\ss3.jpg'),
(1094,2,9,'ss4',10000,'dark blue and white sports shoes','C:\xampp\htdocs\online_shopping_system\footwear\sport_shoes\ss4.jpg'),
(1095,2,9,'ss5',3000,'white sneakers','C:\xampp\htdocs\online_shopping_system\footwear\sport_shoes\ss5.jpg'),
(1096,2,9,'ss6',1000,'pink and black sports shoes','C:\xampp\htdocs\online_shopping_system\footwear\sport_shoes\ss6.jpg'),
(1097,2,9,'ss7',4000,'white sneaker shoes','C:\xampp\htdocs\online_shopping_system\footwear\sport_shoes\ss7.jpg'),
(1098,2,9,'ss8',8000,'red and black sports shoes','C:\xampp\htdocs\online_shopping_system\footwear\sport_shoes\ss8.jpg'),
(1099,2,9,'ss9',11000,'purple and white sports shoes','C:\xampp\htdocs\online_shopping_system\footwear\sport_shoes\ss9.jpg'),
(2000,2,9,'ss10',12000,'pink,blue and white sports shoes','C:\xampp\htdocs\online_shopping_system\footwear\sport_shoes\ss10.jpg'),
(2001,3,10,'Moneekar',199,'Moneekar Jewels 6mm Wide Curb Chain Bracelet for Women Stainless Steel High Polished','C:\xampp\online_shopping_system\accessories\bracelets\silver\1.jpg'),
(2002,3,10,'ShiningDiva',249,'Shining Diva Fashion 15 Latest Designs Crystal Multilayer Stylish 3-5 pcs Set Charm Bracelets for Women and Girls','C:\xampp\online_shopping_system\accessories\bracelets\silver\2.jpg'),
(2003,3,10,'SilverWala',299,'Silverwala Silver Sterling 92.5 Silver Curb Bracelet for Men and Boys','C:\xampp\online_shopping_system\accessories\bracelets\silver\3.jpg'),
(2004,3,10,'YellowChimes',499,'Yellow Chimes 92.5 Sterling Silver Hallmark and Certified Purity Silver Chain Bracelet ','C:\xampp\online_shopping_system\accessories\bracelets\silver\4.jpg'),
(2005,3,10,'Athenaie',499,'ATHENAIE Genuine Murano Glass 925 Silver Core Stars of Nights Charm Bead Fit European Bracelets','C:\xampp\online_shopping_system\accessories\bracelets\silver\5.jpg'),
(2006,3,10,'JewelGalaxy',249,'Jewels Galaxy Women\'s Fashion Gold Plated Brilliant Bracelet for Women/Girls (Style 2)','C:\xampp\online_shopping_system\accessories\bracelets\charms\1.jpg'),
(2007,3,10,'Peora',599,'Peora Silver Plated Tiffany Green Enamel Swan Pearl Murano Glass Crystal Adjustable Charm Bracelet Jewellery for Women Girls','C:\xampp\online_shopping_system\accessories\bracelets\charms\2.jpg'),
(2008,3,10,'Shining Diva',249,'Shining Diva Fashion 15 Latest Designs Crystal Multilayer Stylish 3-5 pcs Set Charm Bracelets for Women and Girls','C:\xampp\online_shopping_system\accessories\bracelets\charms\3.jpg') ,
(2009,3,10,'JewelGalaxy',199,'Jewels Galaxy Mesmerizing Romantic Love & Note Design Brilliant Cuff Bracelet for Women/Girls','C:\xampp\online_shopping_system\accessories\bracelets\charms\4.jpg'),
(2010,3,10,'YellowChimes',249,'YELLOW CHIMES Jolly Charms 925 Silver Plated (hallmarked) Charm Bracelet for Girls & Women','C:\xampp\online_shopping_system\accessories\bracelets\charms\5.jpg'),
(2011,3,10,'YouBella',299,'YouBella Artificial Jewellery Designer Crystal Bracelets for Women Bangles Jewellery for Girls and Women','C:\xampp\online_shopping_system\accessories\bracelets\charms\6.jpg'),
(2012,3,11,'adamo',999,'ADAMO Designer Women\'s & Girl\'s Watch BG-839','C:\xampp\online_shopping_system\accessories\watches\1.jpg'),
(2013,3,11,'SwissStone',899,'Swisstone JEWELS068-PNKSLV Silver Plated Bracelet Wrist Watch for Women','C:\xampp\online_shopping_system\accessories\watches\2.jpg'),
(2014,3,11,'Swisstyle',699,'Swisstyle Analogue White Dial & Black Dial Womens Watches (Ss-703W-703B)','C:\xampp\online_shopping_system\accessories\watches\3.jpg'),
(2015,3,11,'BlackDial',599,'Black Dial Stainless Steel Chrome Plated Mens Watch & Women Watches Couple Watch (Women & Girl Size)','C:\xampp\online_shopping_system\accessories\watches\4.jpg'),
(2016,3,11,'Fastreack',999,'Fastrack Analog Dial Women\'s Watch (Pink, 6150SM04)-NK6150SM04','C:\xampp\online_shopping_system\accessories\watches\5.jpg'),
(2017,3,11,'SS',499,'SS Collection Analogue Full Black Dial Women\'s Watch','C:\xampp\online_shopping_system\accessories\watches\6.jpg'),
(2018,3,11,'Nubela',499,'NUBELA Analogue Prizam Glass Black Dial Girl\'s Watch','C:\xampp\online_shopping_system\accessories\watches\7.jpg'),
(2019,3,11,'Howdy',599,'Howdy Modi Analogue Black Dial Women\'s Watch (Black) 318','C:\xampp\online_shopping_system\accessories\watches\8.jpg'),
(2020,3,11,'PoloHouse',499,'Polo House USA Womens Watch','C:\xampp\online_shopping_system\accessories\watches\9.jpg'),
(2021,3,11,'Watchme',699,'Watch Me White Dial Brown Leather Men\'s Analog Watch- AWC-018','C:\xampp\online_shopping_system\accessories\watches\10.jpg'),
(2022,3,12,'Its Alloy',149,'ITS Alloy Elegant Double Layer Chain Imitation Pearl Gold Pendant Necklace for Women','C:\xampp\online_shopping_system\accessories\necklace\1.jpg'),
(2023,3,12,'aaishwarya',249,'Aaishwarya Love Bling Princess Layered Pendant Necklace/Chain for Women & Girls','C:\xampp\online_shopping_system\accessories\necklace\2.jpg'),
(2024,3,12,'GrabClassy',249,'Grab Classy - Heartbeat Necklace Pendant for Girls - Valentine\'s Gift Heart Beat Necklace','C:\xampp\online_shopping_system\accessories\necklace\3.jpg'),
(2025,3,12,'Aaishwarya',299,'Aaishwarya Gold Crystal Stone Timeless Pendant Chain for Women','C:\xampp\online_shopping_system\accessories\necklace\4.jpg'),
(2026,3,12,'TAZS',149,'TAZS Silver Plated Chain with Sweet Heart Pendant for Girl','C:\xampp\online_shopping_system\accessories\necklace\5.jpg'),
(2027,3,12,'YellowChimes',199,'Yellow Chimes Charming Dual Butterfly Surgical Steel 18K Real Rose Gold Plated Pendant for Girls and Women','C:\xampp\online_shopping_system\accessories\necklace\6.jpg'),
(2028,3,12,'YellowChimes',249,'Yellow Chimes Bella Beauty CZ Heart Charm Bracelet for Women and Girls. Perfect to Gift!','C:\xampp\online_shopping_system\accessories\necklace\7.jpg'),
(2029,3,12,'YellowChimes',299,'Yellow Chimes Ring for Women (Silver) (YCFJPD-868HP-SL)','C:\xampp\online_shopping_system\accessories\necklace\8.jpg'),
(2030,3,12,'JewelGalaxy',149,'Jewels Galaxy Geometric Multi Layered Ravishing Necklace for Women/Girls','C:\xampp\online_shopping_system\accessories\necklace\9.jpg'),
(2031,3,12,'Clara',199,'Clara 92.5 Sterling Silver White Gold Plated Heart Solitaire Pendant Chain Necklace for Women & Girls','C:\xampp\online_shopping_system\accessories\necklace\10.jpg'),
(2032,3,13,'Jewel Glaxy',199,'Jewels Galaxy Stylish Circular Design Hoop Earrings For Women/Girls','C:\xampp\online_shopping_system\accessories\earrings\hoops\1.jpg'),
(2033,3,13,'Zephyrr',149,'Zephyrr Layered Hoop Earrings Gold Tone Party Wear For Women (Purple) JAE-3606','C:\xampp\online_shopping_system\accessories\earrings\hoops\2.jpg'),
(2034,3,13,'YellowChimes',249,'Yellow Chimes Crystals from Swarovski Classic Designer Gold Plated Stylish Hoop Earrings for Women and Girls','C:\xampp\online_shopping_system\accessories\earrings\hoops\3.jpg'),
(2035,3,13,'JewelGalaxy',299,'Jewels Galaxy Wonderful Hanging Ball Plushy Drop Earrings For Women/Girls','C:\xampp\online_shopping_system\accessories\earrings\hoops\4.jpg'),
(2036,3,13,'SKN',149,'SKN Holi Special Golden Polish Big Round Hoop Ear Bali Earrings for Women & Girls (Golden,7cm)','C:\xampp\online_shopping_system\accessories\earrings\hoops\5.jpg'),
(2037,3,13,'YellowCHimes',299,'Yellow ChimesnBig Hoop Earrings Silver Gold Rose Gold Stainless Steel Ear rings for Women and Girls','C:\xampp\online_shopping_system\accessories\earrings\hoops\6.jpg'),
(2038,3,13,'JaipurMart',249,'Preyans From Jaipur Mart Oxidised Brass Metal Jhumki Earrings for women\'s/Girl\'s (GSE600)','C:\xampp\online_shopping_system\accessories\earrings\jhumka\1.jpg'),
(2039,3,13,'Spargz',250,'Spargz Floral Ethnic Meenakari Dome Jhumki For Women','C:\xampp\online_shopping_system\accessories\earrings\jhumka\2.jpg'),
(2040,3,13,'JaipurMart',199,'Jaipur Mart Gold Plated Alloy Oxidized Earrings For Women And Girls (1 Pair) (Gse814P)','C:\xampp\online_shopping_system\accessories\earrings\jhumka\3.jpg'),
(2041,3,13,'YellowChimes',99,'Yellow Chimes Designer Combo\'s Carftmanship Work Meenakari Handcrafted Jaipur Rajasthani Style Traditional Gold Plated Jhumka/Jhumki Earrings for Women and Girls','C:\xampp\online_shopping_system\accessories\earrings\jhumka\4.jpg'),
(2042,3,13,'YouBella',99,'YouBella Fancy Party Wear Jewellery Afghani Kashmiri Jhumka Oxidized Silver Earrings for Girls and Women','C:\xampp\online_shopping_system\accessories\earrings\jhumka\5.jpg'),
(2043,3,13,'YouBella',149,'Youbella Bohemian Multicolor Metal Earrings For Women','C:\xampp\online_shopping_system\accessories\earrings\jhumka\6.jpg'),
(2044,3,13,'YouBella',299,'Youbella Rose Shape Earrings For Girls And Women','C:\xampp\online_shopping_system\accessories\earrings\jhumka\7.jpg'),
(2045,3,13,'JewelGalaxy',599,'Jewels Galaxy Sylish Cubic Zirconia Rose Gold Plated Elegant Drop Earrings For Women/Girls','C:\xampp\online_shopping_system\accessories\earrings\stud\1.jpg'),
(2046,3,13,'ShiningDiva',249,'Shining Diva Fashion Italian Designer Collection Oxidized Silver Stud Earrings for Women (Multi-Colour)(cmb284)','C:\xampp\online_shopping_system\accessories\earrings\stud\2.jpg'),
(2047,3,13,'YellowChimes',299,'Yellow Chimes Black Stud Earrings ','C:\xampp\online_shopping_system\accessories\earrings\stud\3.jpg'),
(2048,3,13,'YellowChimes',249,'Yellow Chimes Crystals from Swarovski Stylish Clip On Studs Earrings for Women and Girls Party Wear Fashion Jewellery','C:\xampp\online_shopping_system\accessories\earrings\stud\4.jpg'),
(2049,3,13,'JewelGalaxy',299,'Jewels Galaxy Women\'s Fashion AAA AD Heart Round and Geometric Designs Stud Earrings For Women/Girls','C:\xampp\online_shopping_system\accessories\earrings\stud\5.jpg'),
(2050,3,13,'Archi',249,'Archi Collection Ethnic Gold Plated Earrings Studs for Girls & women','C:\xampp\online_shopping_system\accessories\earrings\stud\6.jpg');



create table trash(
  cat_id int(100) NOT NULL,
  sub_cat_id int(100) NOT NULL,
  product_id int(100) NOT NULL,
  product_title varchar(255) NOT NULL,
  product_price int(100) NOT NULL,
  product_desc text NOT NULL,
  product_image varchar(500) NOT NULL
)ENGINE=InnoDB DEFAULT CHARSET=latin1;

COMMIT;


